date,venue,rest_count,stay_count,rest_revenue,stay_revenue,addrest_revenue,addperson_revenue,fnb_revenue,other_revenue,note,created_at,checkin_hours,checkout_hours
2025-01-11,jiati,8,0,10840,0,0,0,0,0,歷史資料匯入,2026-04-30 10:46:17,,
2025-01-24,jiati,8,3,8110,9297,0,0,198,0,歷史資料匯入,2026-04-30 10:46:17,,
2025-01-25,jiati,5,1,5000,3399,0,0,220,0,歷史資料匯入,2026-04-30 10:46:17,,
2025-01-26,jiati,7,3,7960,7797,1650,0,0,0,歷史資料匯入,2026-04-30 10:46:17,,
2025-01-27,jiati,3,1,3240,2799,0,0,0,0,歷史資料匯入,2026-04-30 10:46:17,,
2025-01-28,jiati,1,0,1080,0,0,0,0,0,歷史資料匯入,2026-04-30 10:46:17,,
2025-01-29,jiati,4,3,4220,10097,1650,0,0,0,歷史資料匯入,2026-04-30 10:46:17,,
2025-01-30,jiati,6,15,6380,47185,1100,0,0,300,歷史資料匯入,2026-04-30 10:46:17,,
2025-01-31,jiati,10,18,10450,62182,2750,0,0,0,歷史資料匯入,2026-04-30 10:46:17,,
2025-02-01,jiati,3,9,3240,31391,4400,0,0,0,歷史資料匯入,2026-04-30 10:46:17,,
2025-02-02,jiati,7,4,7560,11496,3300,0,0,0,歷史資料匯入,2026-04-30 10:46:17,,
2025-02-03,jiati,9,4,9420,11296,1100,0,0,0,歷史資料匯入,2026-04-30 10:46:17,,
2025-02-04,jiati,4,2,4620,6098,1650,0,0,0,歷史資料匯入,2026-04-30 10:46:17,,
2025-02-05,jiati,15,2,17200,6798,1100,0,0,0,歷史資料匯入,2026-04-30 10:46:17,,
2025-02-06,jiati,19,2,19440,5598,1100,0,0,0,歷史資料匯入,2026-04-30 10:46:17,,
2025-02-07,jiati,9,5,9820,15495,0,0,0,0,歷史資料匯入,2026-04-30 10:46:17,,
2025-02-08,jiati,15,7,15700,23193,3850,0,0,0,歷史資料匯入,2026-04-30 10:46:17,,
2025-02-09,jiati,6,1,6480,2599,0,0,0,0,歷史資料匯入,2026-04-30 10:46:17,,
2025-02-10,jiati,9,7,9520,22692,0,0,0,0,歷史資料匯入,2026-04-30 10:46:17,,
2025-02-11,jiati,13,7,13340,17793,2200,0,0,0,歷史資料匯入,2026-04-30 10:46:17,,
2025-02-12,jiati,6,4,6480,12996,0,0,0,0,歷史資料匯入,2026-04-30 10:46:17,,
2025-02-13,jiati,11,1,11780,2799,2200,0,0,0,歷史資料匯入,2026-04-30 10:46:17,,
2025-02-14,jiati,12,7,12560,21693,1100,0,2040,0,歷史資料匯入,2026-04-30 10:46:17,,
2025-02-15,jiati,10,22,10800,74978,2200,0,0,0,歷史資料匯入,2026-04-30 10:46:17,,
2025-02-16,jiati,8,3,8640,7097,1100,0,0,0,歷史資料匯入,2026-04-30 10:46:17,,
2025-02-17,jiati,10,7,10300,19393,0,0,0,0,歷史資料匯入,2026-04-30 10:46:17,,
2025-02-18,jiati,11,2,12130,5398,1650,0,0,0,歷史資料匯入,2026-04-30 10:46:17,,
2025-02-19,jiati,9,4,9120,12096,0,0,0,0,歷史資料匯入,2026-04-30 10:46:17,,
2025-02-20,jiati,5,3,5000,6397,0,0,0,0,歷史資料匯入,2026-04-30 10:46:17,,
2025-02-21,jiati,6,7,6280,21493,0,0,350,0,歷史資料匯入,2026-04-30 10:46:17,,
2025-02-22,jiati,10,11,10024,35077,550,0,0,0,歷史資料匯入,2026-04-30 10:46:17,,
2025-02-23,jiati,18,6,19290,15694,3850,0,0,0,歷史資料匯入,2026-04-30 10:46:17,,
2025-02-24,jiati,9,9,9520,22591,550,0,0,0,歷史資料匯入,2026-04-30 10:46:17,,
2025-02-25,jiati,9,3,9320,7297,0,0,0,0,歷史資料匯入,2026-04-30 10:46:17,,
2025-02-26,jiati,7,8,7560,25692,0,0,0,0,歷史資料匯入,2026-04-30 10:46:17,,
2025-02-27,jiati,15,7,16200,20193,1650,0,0,0,歷史資料匯入,2026-04-30 10:46:17,,
2025-02-28,jiati,8,26,8890,86374,2200,0,0,0,歷史資料匯入,2026-04-30 10:46:17,,
2025-03-01,jiati,14,14,16420,45886,2200,0,0,0,歷史資料匯入,2026-04-30 10:46:17,,
2025-03-02,jiati,7,4,7360,8796,1100,0,0,0,歷史資料匯入,2026-04-30 10:46:17,,
2025-03-03,jiati,8,5,8740,10995,0,0,0,0,歷史資料匯入,2026-04-30 10:46:17,,
2025-03-04,jiati,11,9,11780,21391,1650,0,0,0,歷史資料匯入,2026-04-30 10:46:17,,
2025-03-05,jiati,13,8,15390,17692,0,0,0,0,歷史資料匯入,2026-04-30 10:46:17,,
2025-03-06,jiati,14,10,15120,26190,1100,0,0,0,歷史資料匯入,2026-04-30 10:46:17,,
2025-03-07,jiati,14,12,13784,29888,0,0,0,0,歷史資料匯入,2026-04-30 10:46:17,,
2025-03-08,jiati,11,18,10912,43782,550,0,0,0,歷史資料匯入,2026-04-30 10:46:17,,
2025-03-09,jiati,6,8,5878,16680,1650,0,0,0,歷史資料匯入,2026-04-30 10:46:17,,
2025-03-10,jiati,14,6,12432,12194,0,0,0,0,歷史資料匯入,2026-04-30 10:46:17,,
2025-03-11,jiati,7,14,6016,27386,0,0,0,0,歷史資料匯入,2026-04-30 10:46:17,,
2025-03-12,jiati,8,10,7104,18390,3300,0,600,0,歷史資料匯入,2026-04-30 10:46:17,,
2025-03-13,jiati,13,10,11544,19790,0,0,0,0,歷史資料匯入,2026-04-30 10:46:17,,
2025-03-14,jiati,11,13,9268,32687,0,0,0,0,歷史資料匯入,2026-04-30 10:46:17,,
2025-03-15,jiati,10,20,9414,55368,2750,0,0,0,歷史資料匯入,2026-04-30 10:46:17,,
2025-03-16,jiati,8,8,8046,15992,2200,0,0,0,歷史資料匯入,2026-04-30 10:46:17,,
2025-03-17,jiati,10,14,8880,27286,550,0,0,0,歷史資料匯入,2026-04-30 10:46:17,,
2025-03-18,jiati,10,15,8780,29485,0,0,0,0,歷史資料匯入,2026-04-30 10:46:17,,
2025-03-19,jiati,6,18,5778,33782,0,0,0,0,歷史資料匯入,2026-04-30 10:46:17,,
2025-03-20,jiati,16,12,16192,23888,2200,0,0,0,歷史資料匯入,2026-04-30 10:46:17,,
2025-03-21,jiati,13,15,12236,35785,0,0,0,0,歷史資料匯入,2026-04-30 10:46:17,,
2025-03-22,jiati,10,18,8972,47208,550,0,400,0,歷史資料匯入,2026-04-30 10:46:17,,
2025-03-23,jiati,7,14,6208,27286,550,0,0,0,歷史資料匯入,2026-04-30 10:46:17,,
2025-03-24,jiati,13,13,12328,24887,1650,0,0,0,歷史資料匯入,2026-04-30 10:46:17,,
2025-03-25,jiati,12,10,11548,19590,1650,0,0,0,歷史資料匯入,2026-04-30 10:46:17,,
2025-03-26,jiati,14,10,12416,18590,1650,0,0,0,歷史資料匯入,2026-04-30 10:46:17,,
2025-03-27,jiati,10,18,8780,37158,550,500,0,0,歷史資料匯入,2026-04-30 10:46:17,,
2025-03-28,jiati,12,13,10548,30587,1100,1000,0,1899,歷史資料匯入,2026-04-30 10:46:17,,
2025-03-29,jiati,13,22,11344,60878,2750,0,320,2699,歷史資料匯入,2026-04-30 10:46:17,,
2025-03-30,jiati,22,12,20078,22388,2200,0,0,0,歷史資料匯入,2026-04-30 10:46:17,,
2025-03-31,jiati,17,15,15430,28685,1100,0,150,0,歷史資料匯入,2026-04-30 10:46:17,,
2025-04-01,jiati,6,17,5770,37483,400,500,0,0,歷史資料匯入,2026-04-30 10:46:17,,
2025-04-02,jiati,16,21,13700,46379,4000,0,0,0,歷史資料匯入,2026-04-30 10:46:17,,
2025-04-03,jiati,8,25,7454,64175,2000,0,150,0,歷史資料匯入,2026-04-30 10:46:17,,
2025-04-04,jiati,22,15,19082,42685,1600,0,680,0,歷史資料匯入,2026-04-30 10:46:17,,
2025-04-05,jiati,28,16,25256,44184,1600,0,680,8097,歷史資料匯入,2026-04-30 10:46:17,,
2025-04-06,jiati,16,8,14608,17192,1600,1500,0,0,歷史資料匯入,2026-04-30 10:46:17,,
2025-04-07,jiati,17,14,14572,30786,2000,0,0,0,歷史資料匯入,2026-04-30 10:46:17,,
2025-04-08,jiati,15,20,13120,41580,0,0,150,0,歷史資料匯入,2026-04-30 10:46:17,,
2025-04-09,jiati,17,23,15088,47677,400,500,0,0,歷史資料匯入,2026-04-30 10:46:17,,
2025-04-10,jiati,14,22,13224,45978,2400,500,150,0,歷史資料匯入,2026-04-30 10:46:17,,
2025-04-11,jiati,20,20,17860,43680,3200,0,1200,0,歷史資料匯入,2026-04-30 10:46:17,,
2025-04-12,jiati,25,24,22800,64976,2800,0,900,0,歷史資料匯入,2026-04-30 10:46:17,,
2025-04-13,jiati,32,8,29608,16592,6800,0,300,0,歷史資料匯入,2026-04-30 10:46:17,,
2025-04-14,jiati,22,17,19720,34683,1600,500,600,0,歷史資料匯入,2026-04-30 10:46:17,,
2025-04-15,jiati,27,21,24568,44379,2400,0,150,0,歷史資料匯入,2026-04-30 10:46:17,,
2025-04-16,jiati,21,23,18624,48377,1600,1000,0,50,歷史資料匯入,2026-04-30 10:46:17,,
2025-04-17,jiati,20,16,17752,33084,1600,1000,1280,0,歷史資料匯入,2026-04-30 10:46:17,,
2025-04-18,jiati,16,25,14208,52775,400,0,1540,0,歷史資料匯入,2026-04-30 10:46:17,,
2025-04-19,jiati,19,26,19172,74874,1600,500,2100,0,歷史資料匯入,2026-04-30 10:46:17,,
2025-04-20,jiati,25,18,22592,37382,3200,500,900,0,歷史資料匯入,2026-04-30 10:46:17,,
2025-04-21,jiati,24,16,23212,34884,6000,0,1800,0,歷史資料匯入,2026-04-30 10:46:17,,
2025-04-22,jiati,26,25,25488,53975,800,0,2400,0,歷史資料匯入,2026-04-30 10:46:17,,
2025-04-23,jiati,22,22,21136,47578,1200,0,1050,1999,歷史資料匯入,2026-04-30 10:46:17,,
2025-04-24,jiati,26,25,23880,53663,4000,1000,600,0,歷史資料匯入,2026-04-30 10:46:17,,
2025-04-25,jiati,12,21,11056,49479,1200,0,750,0,歷史資料匯入,2026-04-30 10:46:17,,
2025-04-26,jiati,18,27,17484,80472,1200,500,520,0,歷史資料匯入,2026-04-30 10:46:17,,
2025-04-27,jiati,24,13,21104,27937,6400,500,900,0,歷史資料匯入,2026-04-30 10:46:17,,
2025-04-28,jiati,22,16,20736,34884,3600,0,1050,1500,歷史資料匯入,2026-04-30 10:46:17,,
2025-04-29,jiati,13,24,11336,52976,0,0,450,0,歷史資料匯入,2026-04-30 10:46:17,,
2025-04-30,jiati,27,15,23976,33585,1200,500,600,0,歷史資料匯入,2026-04-30 10:46:17,,
2025-05-01,jiati,45,19,39360,42081,800,500,600,0,歷史資料匯入,2026-04-30 10:46:17,,
2025-05-02,jiati,23,26,20216,59374,4800,2500,900,2649,歷史資料匯入,2026-04-30 10:46:17,,
2025-05-03,jiati,22,23,19136,68365,3600,1500,900,0,歷史資料匯入,2026-04-30 10:46:17,,
2025-05-04,jiati,17,13,15096,29087,3200,0,150,0,歷史資料匯入,2026-04-30 10:46:17,,
2025-05-05,jiati,26,22,22788,57974,1200,500,750,0,歷史資料匯入,2026-04-30 10:46:17,,
2025-05-06,jiati,21,20,18248,44968,3200,0,450,0,歷史資料匯入,2026-04-30 10:46:17,,
2025-05-07,jiati,34,22,29992,48188,4800,2000,300,0,歷史資料匯入,2026-04-30 10:46:17,,
2025-05-08,jiati,32,10,28408,20890,2800,0,300,0,歷史資料匯入,2026-04-30 10:46:17,,
2025-05-09,jiati,47,13,41536,27587,2800,0,450,0,歷史資料匯入,2026-04-30 10:46:17,,
2025-05-10,jiati,23,23,20324,63577,400,500,450,100,歷史資料匯入,2026-04-30 10:46:17,,
2025-05-11,jiati,30,17,26640,35883,2800,0,2100,0,歷史資料匯入,2026-04-30 10:46:17,,
2025-05-12,jiati,27,20,23976,43680,2400,0,750,0,歷史資料匯入,2026-04-30 10:46:17,,
2025-05-13,jiati,37,19,32556,41931,1600,0,1050,0,歷史資料匯入,2026-04-30 10:46:17,,
2025-05-14,jiati,29,24,25652,52476,400,0,750,0,歷史資料匯入,2026-04-30 10:46:17,,
2025-05-15,jiati,30,16,26440,34784,2000,0,1500,0,歷史資料匯入,2026-04-30 10:46:17,,
2025-05-16,jiati,25,24,22100,55176,400,0,2550,0,歷史資料匯入,2026-04-30 10:46:17,,
2025-05-17,jiati,27,27,23776,78574,2800,0,2550,1999,歷史資料匯入,2026-04-30 10:46:17,,
2025-05-18,jiati,34,9,30192,19791,2000,0,600,0,歷史資料匯入,2026-04-30 10:46:17,,
2025-05-19,jiati,24,20,21212,44980,2800,0,1800,0,歷史資料匯入,2026-04-30 10:46:17,,
2025-05-20,jiati,21,23,18648,51177,0,0,1950,0,歷史資料匯入,2026-04-30 10:46:17,,
2025-05-21,jiati,33,15,29304,34385,3200,0,900,0,歷史資料匯入,2026-04-30 10:46:17,,
2025-05-22,jiati,42,12,36996,27576,1600,0,150,0,歷史資料匯入,2026-04-30 10:46:17,,
2025-05-23,jiati,30,26,26740,60062,2800,0,1200,0,歷史資料匯入,2026-04-30 10:46:17,,
2025-05-24,jiati,27,24,23976,72076,3200,0,2100,0,歷史資料匯入,2026-04-30 10:46:17,,
2025-05-25,jiati,26,12,22988,27276,2400,0,0,0,歷史資料匯入,2026-04-30 10:46:17,,
2025-05-26,jiati,34,11,30092,23611,1200,0,600,0,歷史資料匯入,2026-04-30 10:46:17,,
2025-05-27,jiati,47,13,41136,29587,2800,0,1500,0,歷史資料匯入,2026-04-30 10:46:17,,
2025-05-28,jiati,30,20,26532,44568,800,0,1500,0,歷史資料匯入,2026-04-30 10:46:17,,
2025-05-29,jiati,45,13,39660,32487,2400,0,400,3600,歷史資料匯入,2026-04-30 10:46:17,,
2025-05-30,jiati,31,20,27728,57280,400,500,1050,779,歷史資料匯入,2026-04-30 10:46:17,,
2025-05-31,jiati,22,15,22112,46585,2000,500,600,0,歷史資料匯入,2026-04-30 10:46:17,,
2025-06-01,jiati,34,10,30992,21590,2400,0,0,50,歷史資料匯入,2026-04-30 10:46:17,,
2025-06-02,jiati,45,11,39460,24989,5200,500,300,0,歷史資料匯入,2026-04-30 10:46:17,,
2025-06-03,jiati,45,17,40760,37883,3600,0,170,0,歷史資料匯入,2026-04-30 10:46:17,,
2025-06-04,jiati,34,16,30692,38584,3200,500,450,0,歷史資料匯入,2026-04-30 10:46:17,,
2025-06-05,jiati,37,12,34056,26688,1600,0,1050,2099,歷史資料匯入,2026-04-30 10:46:17,,
2025-06-06,jiati,34,20,30092,51780,2800,0,1800,0,歷史資料匯入,2026-04-30 10:46:17,,
2025-06-07,jiati,31,27,28208,80973,1200,0,2400,0,歷史資料匯入,2026-04-30 10:46:17,,
2025-06-08,jiati,38,16,33856,35884,2400,1500,400,0,歷史資料匯入,2026-04-30 10:46:17,,
2025-06-09,jiati,33,17,29004,39483,3200,500,1350,0,歷史資料匯入,2026-04-30 10:46:17,,
2025-06-10,jiati,27,22,24676,51778,1600,500,1350,0,歷史資料匯入,2026-04-30 10:46:17,,
2025-06-11,jiati,28,21,25264,48767,2400,500,2020,0,歷史資料匯入,2026-04-30 10:46:17,,
2025-06-12,jiati,32,20,30204,49056,0,500,1150,0,歷史資料匯入,2026-04-30 10:46:17,,
2025-06-13,jiati,36,22,31768,56378,3600,500,1350,0,歷史資料匯入,2026-04-30 10:46:17,,
2025-06-14,jiati,34,21,31792,62279,1200,0,1050,600,歷史資料匯入,2026-04-30 10:46:17,,
2025-06-15,jiati,39,14,35432,32974,2400,1000,600,0,歷史資料匯入,2026-04-30 10:46:17,,
2025-06-16,jiati,35,20,31972,46780,2400,500,1270,0,歷史資料匯入,2026-04-30 10:46:17,,
2025-06-17,jiati,32,23,28316,52777,2000,0,1630,0,歷史資料匯入,2026-04-30 10:46:17,,
2025-06-18,jiati,39,17,37632,39983,1600,0,1500,0,歷史資料匯入,2026-04-30 10:46:17,,
2025-06-19,jiati,39,16,34832,37084,3600,0,1050,0,歷史資料匯入,2026-04-30 10:46:17,,
2025-06-20,jiati,27,25,25376,67201,2800,1000,2250,150,歷史資料匯入,2026-04-30 10:46:17,,
2025-06-21,jiati,31,25,27728,79374,2800,1500,1775,0,歷史資料匯入,2026-04-30 10:46:17,,
2025-06-22,jiati,37,18,34356,41182,2800,500,1350,0,歷史資料匯入,2026-04-30 10:46:17,,
2025-06-23,jiati,37,19,33256,44681,5200,1000,1050,0,歷史資料匯入,2026-04-30 10:46:17,,
2025-06-24,jiati,30,23,27252,53565,1600,500,1800,0,歷史資料匯入,2026-04-30 10:46:17,,
2025-06-25,jiati,44,17,39072,39083,7200,1500,450,0,歷史資料匯入,2026-04-30 10:46:17,,
2025-06-26,jiati,31,18,28816,40882,2400,0,1200,0,歷史資料匯入,2026-04-30 10:46:17,,
2025-06-27,jiati,41,21,39208,53779,2800,0,1050,0,歷史資料匯入,2026-04-30 10:46:17,,
2025-06-28,jiati,25,28,22000,84572,3200,0,2800,0,歷史資料匯入,2026-04-30 10:46:17,,
2025-06-29,jiati,33,18,30904,41782,2400,0,1200,5198,歷史資料匯入,2026-04-30 10:46:17,,
2025-06-30,jiati,34,20,31292,46580,2400,0,2100,0,歷史資料匯入,2026-04-30 10:46:17,,
2025-07-01,jiati,34,16,33404,40583,2800,500,1300,0,歷史資料匯入,2026-04-30 10:46:17,,
2025-07-02,jiati,42,19,42296,45781,4800,0,1350,50,歷史資料匯入,2026-04-30 10:46:17,,
2025-07-03,jiati,38,21,38644,49986,2400,0,2400,50,歷史資料匯入,2026-04-30 10:46:17,,
2025-07-04,jiati,37,22,37756,57232,1200,1000,3680,0,歷史資料匯入,2026-04-30 10:46:17,,
2025-07-05,jiati,40,24,41520,71182,1600,1000,2280,50,歷史資料匯入,2026-04-30 10:46:17,,
2025-07-06,jiati,36,21,37368,47785,3600,2000,1850,0,歷史資料匯入,2026-04-30 10:46:17,,
2025-07-07,jiati,41,12,39220,25194,3200,0,980,50,歷史資料匯入,2026-04-30 10:46:17,,
2025-07-08,jiati,38,14,37944,31780,5600,0,1350,50,歷史資料匯入,2026-04-30 10:46:17,,
2025-07-09,jiati,33,23,32404,53783,2400,500,1500,0,歷史資料匯入,2026-04-30 10:46:17,,
2025-07-10,jiati,39,16,37932,34502,5600,0,1200,0,歷史資料匯入,2026-04-30 10:46:17,,
2025-07-11,jiati,46,23,45748,59383,3200,0,830,50,歷史資料匯入,2026-04-30 10:46:17,,
2025-07-12,jiati,37,26,35456,78980,4400,500,2080,3999,歷史資料匯入,2026-04-30 10:46:17,,
2025-07-13,jiati,42,21,43196,48185,9200,500,1700,0,歷史資料匯入,2026-04-30 10:46:17,,
2025-07-14,jiati,38,28,37544,66428,4000,500,2250,0,歷史資料匯入,2026-04-30 10:46:17,,
2025-07-15,jiati,44,24,42272,53583,5600,500,2400,0,歷史資料匯入,2026-04-30 10:46:17,,
2025-07-16,jiati,26,30,25676,71576,2800,0,1050,0,歷史資料匯入,2026-04-30 10:46:17,,
2025-07-17,jiati,24,26,22912,61380,8800,1000,1800,0,歷史資料匯入,2026-04-30 10:46:17,,
2025-07-18,jiati,42,23,40696,57683,7200,500,1050,0,歷史資料匯入,2026-04-30 10:46:17,,
2025-07-19,jiati,28,28,27264,82877,8000,1000,2930,800,歷史資料匯入,2026-04-30 10:46:17,,
2025-07-20,jiati,35,14,31772,32490,4400,0,1800,0,歷史資料匯入,2026-04-30 10:46:17,,
2025-07-21,jiati,37,16,35348,36388,6000,0,1350,0,歷史資料匯入,2026-04-30 10:46:17,,
2025-07-22,jiati,38,23,36336,54481,6800,500,1200,0,歷史資料匯入,2026-04-30 10:46:17,,
2025-07-23,jiati,40,18,38012,41386,4800,1000,1650,0,歷史資料匯入,2026-04-30 10:46:17,,
2025-07-24,jiati,37,14,33832,32590,6000,0,450,50,歷史資料匯入,2026-04-30 10:46:17,,
2025-07-25,jiati,45,24,42360,65279,10800,1000,1200,0,歷史資料匯入,2026-04-30 10:46:17,,
2025-07-26,jiati,40,24,37588,75667,8800,0,1950,0,歷史資料匯入,2026-04-30 10:46:17,,
2025-07-27,jiati,35,16,34656,38675,6800,500,2550,0,歷史資料匯入,2026-04-30 10:46:17,,
2025-07-28,jiati,44,21,40372,50082,6000,500,3130,0,歷史資料匯入,2026-04-30 10:46:17,,
2025-07-29,jiati,27,19,24468,46172,2400,500,750,50,歷史資料匯入,2026-04-30 10:46:17,,
2025-07-30,jiati,33,18,33004,42185,8400,500,1050,0,歷史資料匯入,2026-04-30 10:46:17,,
2025-07-31,jiati,44,16,41772,37086,4400,0,450,0,歷史資料匯入,2026-04-30 10:46:17,,
2025-08-01,jiati,39,20,35532,52183,5600,1000,1200,50,歷史資料匯入,2026-04-30 10:46:17,,
2025-08-02,jiati,31,25,27928,80078,5600,500,900,150,歷史資料匯入,2026-04-30 10:46:17,,
2025-08-03,jiati,31,15,29408,33288,6800,500,1050,0,歷史資料匯入,2026-04-30 10:46:17,,
2025-08-04,jiati,31,14,28440,31189,5200,1000,1050,0,歷史資料匯入,2026-04-30 10:46:17,,
2025-08-05,jiati,37,24,33168,57279,8800,500,2630,0,歷史資料匯入,2026-04-30 10:46:17,,
2025-08-06,jiati,48,21,44224,48982,6000,1500,1400,0,歷史資料匯入,2026-04-30 10:46:17,,
2025-08-07,jiati,25,22,22700,51231,4000,0,1050,0,歷史資料匯入,2026-04-30 10:46:17,,
2025-08-08,jiati,35,19,31880,50484,7600,0,1500,50,歷史資料匯入,2026-04-30 10:46:17,,
2025-08-09,jiati,41,22,40200,66380,6400,2000,900,0,歷史資料匯入,2026-04-30 10:46:17,,
2025-08-10,jiati,39,16,35855,38186,6800,0,1050,3199,歷史資料匯入,2026-04-30 10:46:17,,
2025-08-11,jiati,43,18,39499,41385,6400,0,1500,0,歷史資料匯入,2026-04-30 10:46:17,,
2025-08-12,jiati,34,16,30192,36787,4400,0,2100,0,歷史資料匯入,2026-04-30 10:46:17,,
2025-08-13,jiati,38,19,34544,43184,8000,0,1100,0,歷史資料匯入,2026-04-30 10:46:17,,
2025-08-14,jiati,31,18,30051,40985,8400,500,900,0,歷史資料匯入,2026-04-30 10:46:17,,
2025-08-15,jiati,51,21,47288,55382,8400,0,1450,0,歷史資料匯入,2026-04-30 10:46:17,,
2025-08-16,jiati,31,26,28528,83477,8400,1000,3160,500,歷史資料匯入,2026-04-30 10:46:17,,
2025-08-17,jiati,44,14,41905,33489,6800,0,1350,50,歷史資料匯入,2026-04-30 10:46:17,,
2025-08-18,jiati,35,19,33013,44984,3200,0,850,0,歷史資料匯入,2026-04-30 10:46:17,,
2025-08-19,jiati,40,19,37132,44684,2800,0,2300,0,歷史資料匯入,2026-04-30 10:46:17,,
2025-08-20,jiati,41,15,39908,33488,2400,1000,1050,3300,歷史資料匯入,2026-04-30 10:46:17,,
2025-08-21,jiati,37,15,35456,34589,1600,0,700,2449,歷史資料匯入,2026-04-30 10:46:17,,
2025-08-22,jiati,53,20,55163,51984,4400,1000,1350,0,歷史資料匯入,2026-04-30 10:46:17,,
2025-08-23,jiati,37,27,34656,85877,2800,1000,1800,0,歷史資料匯入,2026-04-30 10:46:17,,
2025-08-24,jiati,43,11,42684,25093,5200,500,900,0,歷史資料匯入,2026-04-30 10:46:17,,
2025-08-25,jiati,44,12,42794,26892,3200,600,900,500,歷史資料匯入,2026-04-30 10:46:17,,
2025-08-26,jiati,30,23,28740,54481,1600,1000,750,0,歷史資料匯入,2026-04-30 10:46:17,,
2025-08-27,jiati,40,21,37731,51271,4800,1000,1275,0,歷史資料匯入,2026-04-30 10:46:17,,
2025-08-28,jiati,44,22,43394,52582,7600,0,1600,0,歷史資料匯入,2026-04-30 10:46:17,,
2025-08-29,jiati,55,20,52040,51384,8800,0,300,0,歷史資料匯入,2026-04-30 10:46:17,,
2025-08-30,jiati,35,26,34548,81167,7600,0,350,0,歷史資料匯入,2026-04-30 10:46:17,,
2025-08-31,jiati,39,15,36935,34378,5200,0,750,0,歷史資料匯入,2026-04-30 10:46:17,,
2025-09-01,jiati,37,19,35654,45985,4800,3500,1350,0,歷史資料匯入,2026-04-30 10:46:17,,
2025-09-02,jiati,29,21,27136,48883,2800,500,1650,1320,歷史資料匯入,2026-04-30 10:46:17,,
2025-09-03,jiati,40,20,37807,45384,3600,500,2100,0,歷史資料匯入,2026-04-30 10:46:17,,
2025-09-04,jiati,33,20,31883,48570,5600,500,1350,50,歷史資料匯入,2026-04-30 10:46:17,,
2025-09-05,jiati,46,26,44151,70376,4400,500,1140,0,歷史資料匯入,2026-04-30 10:46:17,,
2025-09-06,jiati,38,22,35504,70980,5600,0,600,0,歷史資料匯入,2026-04-30 10:46:17,,
2025-09-07,jiati,37,13,36016,30389,3200,0,600,1199,歷史資料匯入,2026-04-30 10:46:17,,
2025-09-08,jiati,42,19,38680,46583,5200,1500,1400,0,歷史資料匯入,2026-04-30 10:46:17,,
2025-09-09,jiati,37,17,35348,40573,2800,0,1200,60,歷史資料匯入,2026-04-30 10:46:17,,
2025-09-10,jiati,49,20,45436,47882,2400,0,1800,30,歷史資料匯入,2026-04-30 10:46:17,,
2025-09-11,jiati,37,22,35348,53780,5200,0,2100,0,歷史資料匯入,2026-04-30 10:46:17,,
2025-09-12,jiati,32,22,30411,58568,4400,1500,450,0,歷史資料匯入,2026-04-30 10:46:17,,
2025-09-13,jiati,45,24,43728,75278,2000,0,2700,0,歷史資料匯入,2026-04-30 10:46:17,,
2025-09-14,jiati,43,18,42344,42584,3200,1000,750,50,歷史資料匯入,2026-04-30 10:46:17,,
2025-09-15,jiati,35,17,33764,39785,1600,0,1650,0,歷史資料匯入,2026-04-30 10:46:17,,
2025-09-16,jiati,34,25,32915,59977,3200,0,1650,0,歷史資料匯入,2026-04-30 10:46:17,,
2025-09-17,jiati,38,21,37436,47981,4000,500,1800,0,歷史資料匯入,2026-04-30 10:46:17,,
2025-09-18,jiati,40,12,39442,27190,5200,1000,1100,0,歷史資料匯入,2026-04-30 10:46:17,,
2025-09-19,jiati,41,21,39584,58869,3600,0,750,50,歷史資料匯入,2026-04-30 10:46:17,,
2025-09-20,jiati,35,28,33164,88774,3600,500,450,0,歷史資料匯入,2026-04-30 10:46:17,,
2025-09-21,jiati,32,13,31023,30389,2400,0,750,150,歷史資料匯入,2026-04-30 10:46:17,,
2025-09-22,jiati,37,23,36668,53979,400,0,1200,0,歷史資料匯入,2026-04-30 10:46:17,,
2025-09-23,jiati,36,19,35147,43583,5200,0,1500,0,歷史資料匯入,2026-04-30 10:46:17,,
2025-09-24,jiati,29,19,28252,44383,3600,1500,1650,0,歷史資料匯入,2026-04-30 10:46:17,,
2025-09-25,jiati,32,16,29692,37286,5200,0,620,0,歷史資料匯入,2026-04-30 10:46:17,,
2025-09-26,jiati,43,18,40668,47383,4400,500,1500,0,歷史資料匯入,2026-04-30 10:46:17,,
2025-09-27,jiati,32,27,30608,91574,3600,0,2100,0,歷史資料匯入,2026-04-30 10:46:17,,
2025-09-28,jiati,41,20,38511,63581,6800,0,2030,0,歷史資料匯入,2026-04-30 10:46:17,,
2025-09-29,jiati,44,14,41738,36586,5200,0,600,30,歷史資料匯入,2026-04-30 10:46:17,,
2025-09-30,jiati,39,18,37035,43471,4400,0,1200,0,歷史資料匯入,2026-04-30 10:46:17,,
2025-10-01,jiati,45,22,42960,51579,6400,500,750,0,歷史資料匯入,2026-04-30 10:46:17,,
2025-10-02,jiati,40,17,37412,41572,2000,0,1050,0,歷史資料匯入,2026-04-30 10:46:17,,
2025-10-03,jiati,49,12,46412,31189,6000,0,300,0,歷史資料匯入,2026-04-30 10:46:17,,
2025-10-04,jiati,26,19,24480,62758,4800,500,600,0,歷史資料匯入,2026-04-30 10:46:17,,
2025-10-05,jiati,31,20,31828,58657,6400,0,750,0,歷史資料匯入,2026-04-30 10:46:17,,
2025-10-06,jiati,31,11,30004,25290,2000,500,600,0,歷史資料匯入,2026-04-30 10:46:17,,
2025-10-07,jiati,25,27,23712,65774,800,0,1650,0,歷史資料匯入,2026-04-30 10:46:17,,
2025-10-08,jiati,30,22,29540,53079,4400,0,1050,0,歷史資料匯入,2026-04-30 10:46:17,,
2025-10-09,jiati,48,18,45735,48583,4800,0,1630,0,歷史資料匯入,2026-04-30 10:46:17,,
2025-10-10,jiati,31,26,31720,83775,1200,0,3450,0,歷史資料匯入,2026-04-30 10:46:17,,
2025-10-11,jiati,28,26,27875,83974,800,0,2250,0,歷史資料匯入,2026-04-30 10:46:17,,
2025-10-12,jiati,47,7,45247,16793,4400,0,300,0,歷史資料匯入,2026-04-30 10:46:17,,
2025-10-13,jiati,48,11,44524,27389,7200,500,150,50,歷史資料匯入,2026-04-30 10:46:17,,
2025-10-14,jiati,38,18,36144,44982,7200,1500,1050,0,歷史資料匯入,2026-04-30 10:46:17,,
2025-10-15,jiati,35,21,34180,52167,7600,0,550,0,歷史資料匯入,2026-04-30 10:46:17,,
2025-10-16,jiati,45,19,43772,46193,4800,0,700,0,歷史資料匯入,2026-04-30 10:46:17,,
2025-10-17,jiati,38,22,35844,58966,4000,0,900,0,歷史資料匯入,2026-04-30 10:46:17,,
2025-10-18,jiati,38,26,35567,83774,6400,0,1350,0,歷史資料匯入,2026-04-30 10:46:17,,
2025-10-19,jiati,41,11,38500,27589,6800,1000,0,100,歷史資料匯入,2026-04-30 10:46:17,,
2025-10-20,jiati,26,19,24988,46181,3600,0,750,0,歷史資料匯入,2026-04-30 10:46:17,,
2025-10-21,jiati,24,16,22404,37884,3200,500,900,0,歷史資料匯入,2026-04-30 10:46:17,,
2025-10-22,jiati,43,16,39795,37084,7200,0,900,0,歷史資料匯入,2026-04-30 10:46:17,,
2025-10-23,jiati,40,17,38220,41685,2400,1000,300,0,歷史資料匯入,2026-04-30 10:46:17,,
2025-10-24,jiati,32,26,30216,82476,8000,0,2550,0,歷史資料匯入,2026-04-30 10:46:17,,
2025-10-25,jiati,24,26,23212,86976,2400,1000,1050,150,歷史資料匯入,2026-04-30 10:46:17,,
2025-10-26,jiati,45,12,43160,30084,6000,0,900,0,歷史資料匯入,2026-04-30 10:46:17,,
2025-10-27,jiati,38,14,35836,31488,8800,0,1350,0,歷史資料匯入,2026-04-30 10:46:17,,
2025-10-28,jiati,42,13,38919,29089,8000,0,1050,0,歷史資料匯入,2026-04-30 10:46:17,,
2025-10-29,jiati,36,13,33701,28391,2400,0,1200,0,歷史資料匯入,2026-04-30 10:46:17,,
2025-10-30,jiati,30,14,28862,31090,3600,500,1750,0,歷史資料匯入,2026-04-30 10:46:17,,
2025-10-31,jiati,47,14,44336,35090,5200,0,300,0,歷史資料匯入,2026-04-30 10:46:17,,
2025-11-01,jiati,42,22,40396,62582,8000,0,300,50,歷史資料匯入,2026-04-30 10:46:17,,
2025-11-02,jiati,45,9,40660,19795,8000,0,750,0,歷史資料匯入,2026-04-30 10:46:17,,
2025-11-03,jiati,38,16,36236,37488,4400,500,900,0,歷史資料匯入,2026-04-30 10:46:17,,
2025-11-04,jiati,31,12,28728,27192,3200,0,1050,0,歷史資料匯入,2026-04-30 10:46:17,,
2025-11-05,jiati,38,22,35456,52082,3600,1000,750,0,歷史資料匯入,2026-04-30 10:46:17,,
2025-11-06,jiati,47,18,44236,41186,7600,1500,900,0,歷史資料匯入,2026-04-30 10:46:17,,
2025-11-07,jiati,27,27,25476,72577,3600,1500,960,0,歷史資料匯入,2026-04-30 10:46:17,,
2025-11-08,jiati,39,25,36432,77579,7600,0,550,150,歷史資料匯入,2026-04-30 10:46:17,,
2025-11-09,jiati,33,15,30404,35588,10400,0,300,0,歷史資料匯入,2026-04-30 10:46:17,,
2025-11-10,jiati,35,18,32180,45173,6400,0,1960,2399,歷史資料匯入,2026-04-30 10:46:17,,
2025-11-11,jiati,35,17,33480,38286,4000,500,1050,0,歷史資料匯入,2026-04-30 10:46:17,,
2025-11-12,jiati,32,13,29916,30489,3200,0,450,0,歷史資料匯入,2026-04-30 10:46:17,,
2025-11-13,jiati,35,16,32780,37786,4000,0,450,0,歷史資料匯入,2026-04-30 10:46:17,,
2025-11-14,jiati,45,11,42760,27691,8000,0,0,0,歷史資料匯入,2026-04-30 10:46:17,,
2025-11-15,jiati,28,26,25876,85776,1600,1000,0,0,歷史資料匯入,2026-04-30 10:46:17,,
2025-11-16,jiati,52,12,47988,26790,9600,0,450,0,歷史資料匯入,2026-04-30 10:46:17,,
2025-11-17,jiati,44,14,40372,32589,3600,0,750,0,歷史資料匯入,2026-04-30 10:46:17,,
2025-11-18,jiati,52,17,48787,39085,6800,0,750,0,歷史資料匯入,2026-04-30 10:46:17,,
2025-11-19,jiati,30,20,28140,47482,4400,500,450,0,歷史資料匯入,2026-04-30 10:46:17,,
2025-11-20,jiati,36,13,33268,31477,8800,500,450,0,歷史資料匯入,2026-04-30 10:46:17,,
2025-11-21,jiati,52,16,48579,41386,5200,0,1050,0,歷史資料匯入,2026-04-30 10:46:17,,
2025-11-22,jiati,24,26,22112,86576,2800,0,1200,959,歷史資料匯入,2026-04-30 10:46:17,,
2025-11-23,jiati,35,11,32072,26091,11600,0,750,1200,歷史資料匯入,2026-04-30 10:46:17,,
2025-11-24,jiati,38,18,35744,43484,3600,0,1350,0,歷史資料匯入,2026-04-30 10:46:17,,
2025-11-25,jiati,40,14,36920,32988,3600,0,650,0,歷史資料匯入,2026-04-30 10:46:17,,
2025-11-26,jiati,37,18,35267,43272,5600,500,1050,60,歷史資料匯入,2026-04-30 10:46:17,,
2025-11-27,jiati,26,15,24110,34587,3200,500,300,0,歷史資料匯入,2026-04-30 10:46:17,,
2025-11-28,jiati,43,18,40095,45384,5200,1000,750,0,歷史資料匯入,2026-04-30 10:46:17,,
2025-11-29,jiati,34,26,31303,83176,2800,500,1200,0,歷史資料匯入,2026-04-30 10:46:17,,
2025-11-30,jiati,40,15,37908,36787,9200,500,2100,0,歷史資料匯入,2026-04-30 10:46:17,,
2025-12-01,jiati,35,13,31580,32188,9200,2500,450,0,歷史資料匯入,2026-04-30 10:46:17,,
2025-12-02,jiati,27,13,25968,29788,3200,0,750,2099,歷史資料匯入,2026-04-30 10:46:17,,
2025-12-03,jiati,38,7,35444,15494,4800,500,450,0,歷史資料匯入,2026-04-30 10:46:17,,
2025-12-04,jiati,45,13,43160,30088,2800,0,1500,0,歷史資料匯入,2026-04-30 10:46:17,,
2025-12-05,jiati,30,21,28240,54980,2000,2500,1580,0,歷史資料匯入,2026-04-30 10:46:17,,
2025-12-06,jiati,31,26,29528,83075,4800,3000,2180,0,歷史資料匯入,2026-04-30 10:46:17,,
2025-12-07,jiati,46,14,43248,35575,7200,500,1900,0,歷史資料匯入,2026-04-30 10:46:17,,
2025-12-08,jiati,37,16,33856,37385,4400,0,2330,0,歷史資料匯入,2026-04-30 10:46:17,,
2025-12-09,jiati,30,9,28740,21192,3200,0,450,0,歷史資料匯入,2026-04-30 10:46:17,,
2025-12-10,jiati,40,13,37420,29888,4400,0,600,0,歷史資料匯入,2026-04-30 10:46:17,,
2025-12-11,jiati,39,12,36724,28789,6000,0,1350,0,歷史資料匯入,2026-04-30 10:46:17,,
2025-12-12,jiati,35,26,33491,69875,4000,0,600,0,歷史資料匯入,2026-04-30 10:46:17,,
2025-12-13,jiati,40,22,38720,69279,3600,0,1280,0,歷史資料匯入,2026-04-30 10:46:17,,
2025-12-14,jiati,39,8,38343,19393,3600,500,750,0,歷史資料匯入,2026-04-30 10:46:17,,
2025-12-15,jiati,35,13,33380,31988,4400,0,1400,0,歷史資料匯入,2026-04-30 10:46:17,,
2025-12-16,jiati,42,18,40296,41983,2400,0,1200,0,歷史資料匯入,2026-04-30 10:46:17,,
2025-12-17,jiati,43,21,41284,49380,2000,0,1500,0,歷史資料匯入,2026-04-30 10:46:17,,
2025-12-18,jiati,48,13,45024,31388,6800,0,600,0,歷史資料匯入,2026-04-30 10:46:17,,
2025-12-19,jiati,47,14,44036,36686,5200,0,300,0,歷史資料匯入,2026-04-30 10:46:17,,
2025-12-20,jiati,40,22,39220,72754,1600,0,1300,0,歷史資料匯入,2026-04-30 10:46:17,,
2025-12-21,jiati,25,12,24300,28988,4800,0,750,0,歷史資料匯入,2026-04-30 10:46:17,,
2025-12-22,jiati,36,10,34368,29089,6400,1000,150,0,歷史資料匯入,2026-04-30 10:46:17,,
2025-12-23,jiati,35,15,34391,36085,4400,0,150,0,歷史資料匯入,2026-04-30 10:46:17,,
2025-12-24,jiati,39,14,39232,33686,3200,0,300,0,歷史資料匯入,2026-04-30 10:46:17,,
2025-12-25,jiati,40,15,38931,35985,5600,1500,100,0,歷史資料匯入,2026-04-30 10:46:17,,
2025-12-26,jiati,43,16,42584,41284,6000,0,450,0,歷史資料匯入,2026-04-30 10:46:17,,
2025-12-27,jiati,36,16,34960,50384,4800,0,450,0,歷史資料匯入,2026-04-30 10:46:17,,
2025-12-28,jiati,36,8,36079,19004,6800,0,0,0,歷史資料匯入,2026-04-30 10:46:17,,
2025-12-29,jiati,34,9,32903,24590,2400,0,1020,0,歷史資料匯入,2026-04-30 10:46:17,,
2025-12-30,jiati,37,13,36456,33887,3600,0,790,0,歷史資料匯入,2026-04-30 10:46:17,,
2025-12-31,jiati,36,27,35879,96713,1200,1000,500,0,歷史資料匯入,2026-04-30 10:46:17,,
2026-01-01,jiati,37,3,36156,6897,5600,0,0,0,歷史資料匯入,2026-04-30 10:46:17,,
2026-01-02,jiati,32,15,30516,42784,2400,0,2100,0,歷史資料匯入,2026-04-30 10:46:17,,
2026-01-03,jiati,39,12,38232,35588,7600,0,0,0,歷史資料匯入,2026-04-30 10:46:17,,
2026-01-04,jiati,36,13,35268,31687,2400,0,1550,500,歷史資料匯入,2026-04-30 10:46:17,,
2026-01-05,jiati,42,11,40096,26289,4800,0,830,0,歷史資料匯入,2026-04-30 10:46:17,,
2026-01-06,jiati,29,13,28952,30787,1200,0,1920,0,歷史資料匯入,2026-04-30 10:46:17,,
2026-01-07,jiati,35,17,33380,40583,2000,0,150,0,歷史資料匯入,2026-04-30 10:46:17,,
2026-01-08,jiati,33,16,31404,38384,1600,500,300,0,歷史資料匯入,2026-04-30 10:46:17,,
2026-01-09,jiati,36,20,35568,52280,5200,0,1350,0,歷史資料匯入,2026-04-30 10:46:17,,
2026-01-10,jiati,51,13,50188,40987,5200,0,1200,0,歷史資料匯入,2026-04-30 10:46:17,,
2026-01-11,jiati,37,10,35579,23390,3600,500,0,0,歷史資料匯入,2026-04-30 10:46:17,,
2026-01-12,jiati,33,10,31704,26290,2000,0,1050,0,歷史資料匯入,2026-04-30 10:46:17,,
2026-01-13,jiati,29,9,27552,21291,4000,0,300,0,歷史資料匯入,2026-04-30 10:46:17,,
2026-01-14,jiati,39,15,36932,34985,2000,0,600,0,歷史資料匯入,2026-04-30 10:46:17,,
2026-01-15,jiati,43,14,41572,32999,3600,1500,300,0,歷史資料匯入,2026-04-30 10:46:17,,
2026-01-16,jiati,38,13,36744,34187,3600,0,900,0,歷史資料匯入,2026-04-30 10:46:17,,
2026-01-17,jiati,42,17,41996,53983,6000,500,1350,0,歷史資料匯入,2026-04-30 10:46:17,,
2026-01-18,jiati,37,4,36956,9796,4400,0,450,0,歷史資料匯入,2026-04-30 10:46:17,,
2026-01-19,jiati,43,7,41584,18881,3200,1000,900,0,歷史資料匯入,2026-04-30 10:46:17,,
2026-01-20,jiati,41,19,39131,47869,4000,0,900,0,歷史資料匯入,2026-04-30 10:46:17,,
2026-01-21,jiati,40,16,39320,37472,2800,0,450,0,歷史資料匯入,2026-04-30 10:46:17,,
2026-01-22,jiati,38,18,36744,42382,1600,0,1190,0,歷史資料匯入,2026-04-30 10:46:17,,
2026-01-23,jiati,33,21,31404,55479,4400,500,1600,0,歷史資料匯入,2026-04-30 10:46:17,,
2026-01-24,jiati,43,18,42484,57382,2800,1000,600,0,歷史資料匯入,2026-04-30 10:46:17,,
2026-01-25,jiati,39,5,38732,11595,4000,0,450,0,歷史資料匯入,2026-04-30 10:46:17,,
2026-01-26,jiati,45,11,43071,25989,4400,500,600,150,歷史資料匯入,2026-04-30 10:46:17,,
2026-01-27,jiati,37,14,36544,33286,5600,500,1200,0,歷史資料匯入,2026-04-30 10:46:17,,
2026-01-28,jiati,51,19,50588,44981,4800,500,1280,0,歷史資料匯入,2026-04-30 10:46:17,,
2026-01-29,jiati,47,19,44236,44881,4800,0,300,0,歷史資料匯入,2026-04-30 10:46:17,,
2026-01-30,jiati,37,23,36856,61077,2800,500,1350,0,歷史資料匯入,2026-04-30 10:46:17,,
2026-01-31,jiati,50,17,48811,54871,4400,1500,550,0,歷史資料匯入,2026-04-30 10:46:17,,
2026-02-01,jiati,44,9,41072,22391,4800,0,1050,0,歷史資料匯入,2026-04-30 10:46:17,,
2026-02-02,jiati,23,19,23324,45581,2400,500,900,50,歷史資料匯入,2026-04-30 10:46:17,,
2026-02-03,jiati,20,27,19172,66273,400,0,750,50,歷史資料匯入,2026-04-30 10:46:17,,
2026-02-04,jiati,29,26,28452,63874,3200,0,750,150,歷史資料匯入,2026-04-30 10:46:17,,
2026-02-05,jiati,39,21,38232,49879,2400,500,340,0,歷史資料匯入,2026-04-30 10:46:17,,
2026-02-06,jiati,47,24,44936,63876,800,0,1350,0,歷史資料匯入,2026-04-30 10:46:17,,
2026-02-07,jiati,53,14,52175,42986,5200,2500,1200,0,歷史資料匯入,2026-04-30 10:46:17,,
2026-02-08,jiati,37,9,35956,21491,6000,0,1430,0,歷史資料匯入,2026-04-30 10:46:17,,
2026-02-09,jiati,46,12,45048,27788,4800,0,450,0,歷史資料匯入,2026-04-30 10:46:17,,
2026-02-10,jiati,44,11,41384,26189,5200,1500,300,0,歷史資料匯入,2026-04-30 10:46:17,,
2026-02-11,jiati,44,14,43472,33086,7200,0,250,0,歷史資料匯入,2026-04-30 10:46:17,,
2026-02-12,jiati,52,7,49976,15893,7600,0,1130,0,歷史資料匯入,2026-04-30 10:46:17,,
2026-02-13,jiati,65,20,62620,52180,6000,0,850,0,歷史資料匯入,2026-04-30 10:46:17,,
2026-02-14,jiati,44,18,41272,59858,8400,1500,300,0,歷史資料匯入,2026-04-30 10:46:17,,
2026-02-15,jiati,31,11,30028,27089,3600,1500,800,0,歷史資料匯入,2026-04-30 10:46:17,,
2026-02-16,jiati,11,21,11668,54079,2000,1000,2030,180,歷史資料匯入,2026-04-30 10:46:17,,
2026-02-17,jiati,16,26,15908,77174,2400,1500,3600,0,歷史資料匯入,2026-04-30 10:46:17,,
2026-02-18,jiati,5,26,5628,84074,1600,500,3150,30,歷史資料匯入,2026-04-30 10:46:17,,
2026-02-19,jiati,28,26,27264,84374,2400,500,4200,534,歷史資料匯入,2026-04-30 10:46:17,,
2026-02-20,jiati,33,26,32204,85974,800,500,1950,0,歷史資料匯入,2026-04-30 10:46:17,,
2026-02-21,jiati,33,20,33592,62180,2800,0,1200,0,歷史資料匯入,2026-04-30 10:46:17,,
2026-02-22,jiati,44,13,42972,31587,3600,0,600,0,歷史資料匯入,2026-04-30 10:46:17,,
2026-02-23,jiati,41,16,38800,38484,4000,0,600,0,歷史資料匯入,2026-04-30 10:46:17,,
2026-02-24,jiati,48,8,46924,19192,2800,500,0,0,歷史資料匯入,2026-04-30 10:46:17,,
2026-02-25,jiati,47,18,46724,42194,3200,500,900,0,歷史資料匯入,2026-04-30 10:46:17,,
2026-02-26,jiati,44,14,41472,33586,5200,0,900,0,歷史資料匯入,2026-04-30 10:46:17,,
2026-02-27,jiati,31,27,29628,72673,1200,500,4050,0,歷史資料匯入,2026-04-30 10:46:17,,
2026-02-28,jiati,40,9,39420,29591,6400,1500,900,0,歷史資料匯入,2026-04-30 10:46:17,,
2026-03-01,jiati,46,5,45559,11895,2800,0,0,0,歷史資料匯入,2026-04-30 10:46:17,,
2026-03-02,jiati,40,8,39020,19092,4400,0,450,0,歷史資料匯入,2026-04-30 10:46:17,,
2026-03-03,jiati,37,8,35356,18592,800,0,450,0,歷史資料匯入,2026-04-30 10:46:17,,
2026-03-04,jiati,45,11,43460,26589,3600,1500,1200,0,歷史資料匯入,2026-04-30 10:46:17,,
2026-03-05,jiati,39,24,38143,59175,3200,500,900,0,歷史資料匯入,2026-04-30 10:46:17,,
2026-03-06,jiati,39,20,37720,52880,3600,500,1500,0,歷史資料匯入,2026-04-30 10:46:17,,
2026-03-07,jiati,47,14,43825,45986,6400,500,450,0,歷史資料匯入,2026-04-30 10:46:17,,
2026-03-08,jiati,41,11,38719,26389,3600,0,300,0,歷史資料匯入,2026-04-30 10:46:17,,
2026-03-09,jiati,32,12,31016,29988,2800,0,750,0,歷史資料匯入,2026-04-30 10:46:17,,
2026-03-10,jiati,37,10,35056,26266,5600,0,800,0,歷史資料匯入,2026-04-30 10:46:17,,
2026-03-11,jiati,46,14,45348,33286,3200,1500,300,0,歷史資料匯入,2026-04-30 10:46:17,,
2026-03-12,jiati,56,7,53539,16893,5600,500,150,1200,歷史資料匯入,2026-04-30 10:46:17,,
2026-03-13,jiati,46,16,44948,40784,5200,0,1350,0,歷史資料匯入,2026-04-30 10:46:17,,
2026-03-14,jiati,46,26,45270,82974,3200,0,1350,60,歷史資料匯入,2026-04-30 10:46:17,,
2026-03-15,jiati,40,12,39504,30088,6000,0,0,0,歷史資料匯入,2026-04-30 10:46:17,,
2026-03-16,jiati,38,10,37844,25278,6800,0,1350,0,歷史資料匯入,2026-04-30 10:46:17,,
2026-03-17,jiati,36,8,34968,18892,3200,500,750,2099,歷史資料匯入,2026-04-30 10:46:17,,
2026-03-18,jiati,47,15,45736,37773,2400,1000,0,0,歷史資料匯入,2026-04-30 10:46:17,,
2026-03-19,jiati,45,16,44371,41460,1600,0,850,0,歷史資料匯入,2026-04-30 10:46:17,,
2026-03-20,jiati,49,14,47234,36286,3200,500,1200,0,歷史資料匯入,2026-04-30 10:46:17,,
2026-03-21,jiati,45,25,44560,80575,4400,1000,600,50,歷史資料匯入,2026-04-30 10:46:17,,
2026-03-22,jiati,41,8,40600,19092,7600,0,450,0,歷史資料匯入,2026-04-30 10:46:17,,
2026-03-23,jiati,36,14,37968,33086,2400,0,650,0,歷史資料匯入,2026-04-30 10:46:17,,
2026-03-24,jiati,35,11,33380,25489,5200,0,600,0,歷史資料匯入,2026-04-30 10:46:17,,
2026-03-25,jiati,39,16,37332,37484,2400,0,300,2099,歷史資料匯入,2026-04-30 10:46:17,,
2026-03-26,jiati,39,18,40342,43182,3600,0,1200,0,歷史資料匯入,2026-04-30 10:46:17,,
2026-03-27,jiati,34,15,32992,40585,1200,0,600,0,歷史資料匯入,2026-04-30 10:46:17,,
2026-03-28,jiati,46,9,46648,27591,8000,0,900,0,歷史資料匯入,2026-04-30 10:46:17,,
2026-03-29,jiati,40,6,38620,13794,4000,0,150,0,歷史資料匯入,2026-04-30 10:46:17,,
2026-03-30,jiati,42,7,40196,16393,4000,0,0,0,歷史資料匯入,2026-04-30 10:46:17,,
2026-03-31,jiati,46,7,44548,16693,2800,0,0,0,歷史資料匯入,2026-04-30 10:46:17,,
2026-04-01,jiati,30,4,30351,9596,1200,0,0,50,歷史資料匯入,2026-06-11 07:18:21,0|1|0|0|0|0|1|0|0|0|1|2|1|5|5|3|0|3|6|2|0|2|0|1,0|0|0|1|0|0|0|0|0|0|0|0|0|0|2|6|4|3|3|0|4|6|0|2
2026-04-02,jiati,48,15,45124,37285,4800,0,1200,0,歷史資料匯入,2026-06-11 07:18:21,2|0|1|5|1|1|0|0|0|1|3|1|4|4|6|5|1|2|5|4|7|6|2|2,4|0|0|0|1|2|2|2|1|0|1|1|1|3|2|5|8|3|1|3|4|4|4|0
2026-04-03,jiati,35,16,35680,51584,4800,500,1200,0,歷史資料匯入,2026-06-11 07:18:21,1|1|0|2|1|1|0|0|0|1|1|3|2|8|4|4|4|1|1|4|4|4|2|2,1|1|0|0|0|0|2|1|1|1|6|3|0|4|2|7|4|5|4|4|0|2|1|0
2026-04-04,jiati,52,11,53176,40589,4400,500,600,500,歷史資料匯入,2026-06-11 07:18:21,3|0|1|0|0|0|1|1|1|4|1|2|3|4|3|5|6|3|1|8|4|5|2|4,2|3|1|0|2|0|0|1|1|3|6|4|2|2|2|5|3|5|5|7|2|3|2|5
2026-04-05,jiati,33,14,31415,45386,5600,500,450,0,歷史資料匯入,2026-06-11 07:18:21,3|1|0|0|1|0|1|0|0|1|2|1|0|2|5|3|2|0|4|3|4|5|4|3,0|4|2|0|0|0|0|1|2|3|2|1|1|3|0|3|4|2|3|2|3|3|0|3
2026-04-06,jiati,44,7,42084,17193,5200,0,0,0,歷史資料匯入,2026-06-11 07:18:21,1|0|1|1|0|0|0|0|3|1|2|3|4|9|6|3|0|1|7|1|3|2|1|2,1|1|0|1|1|0|0|0|0|1|8|6|1|3|7|5|7|5|3|1|1|5|1|0
2026-04-07,jiati,41,15,38808,35185,4400,500,900,0,歷史資料匯入,2026-06-11 07:18:21,3|1|1|0|0|0|1|0|2|0|2|1|2|1|6|4|1|5|5|5|9|1|3|2,1|3|1|0|1|1|0|0|1|0|3|2|4|0|3|2|3|6|1|4|3|7|1|1
2026-04-08,jiati,36,14,35568,34086,2000,500,1060,150,歷史資料匯入,2026-06-11 07:18:21,1|1|1|1|0|0|0|1|0|2|1|3|1|2|5|1|2|1|8|7|5|2|2|2,1|0|1|1|0|1|0|2|2|4|3|4|1|4|2|3|4|2|0|0|6|6|3|1
2026-04-09,jiati,40,14,38720,34174,6000,1000,450,2000,歷史資料匯入,2026-06-11 07:18:21,2|0|1|0|0|1|0|0|2|1|2|1|2|5|5|3|3|4|7|5|3|2|2|3,1|1|0|0|1|0|1|2|2|4|2|3|1|2|7|4|6|4|1|0|3|7|2|2
2026-04-10,jiati,46,17,43948,43483,6400,1000,750,0,歷史資料匯入,2026-06-11 07:18:21,4|2|1|1|2|0|0|1|0|2|5|3|6|2|3|2|1|3|6|7|2|3|2|4,1|2|0|2|0|0|0|1|0|2|5|3|5|2|6|2|2|4|1|4|4|3|5|1
2026-04-11,jiati,55,26,53340,83622,4000,1000,500,0,歷史資料匯入,2026-06-11 07:18:21,4|1|2|2|1|0|0|0|1|3|3|1|1|8|7|6|6|2|3|6|11|5|3|1,0|0|0|0|0|0|0|1|2|2|4|5|6|1|0|7|6|6|7|4|5|2|4|7
2026-04-12,jiati,36,12,37168,29388,5600,1000,150,0,歷史資料匯入,2026-06-11 07:18:21,2|1|0|0|0|0|0|2|0|0|2|3|1|2|2|5|4|5|2|5|4|2|2|1,0|0|0|1|1|0|2|0|0|2|6|10|2|1|3|3|1|5|4|7|3|3|4|2
2026-04-13,jiati,45,10,45760,24890,2400,0,0,0,歷史資料匯入,2026-06-11 07:18:21,0|0|0|0|1|0|1|0|2|2|2|3|1|4|4|2|4|2|5|7|3|3|4|1,1|0|1|0|0|0|0|0|1|1|1|3|3|1|3|3|6|3|2|5|2|5|7|2
2026-04-14,jiati,37,18,35956,45258,6400,0,600,0,歷史資料匯入,2026-06-11 07:18:21,1|2|1|0|0|1|0|0|0|2|4|0|2|5|2|7|1|5|6|5|5|0|1|0,0|0|0|0|0|1|1|1|3|0|2|4|3|1|2|3|3|2|4|5|1|7|1|2
2026-04-15,jiati,45,16,43760,38972,4000,0,1350,0,歷史資料匯入,2026-06-11 07:18:21,1|0|0|0|2|0|0|0|1|1|1|0|2|8|1|1|6|3|6|5|6|7|2|2,2|0|0|2|0|0|0|2|4|2|0|1|3|1|4|5|3|2|3|6|4|4|5|1
2026-04-16,jiati,38,20,37355,48799,2800,1000,450,0,歷史資料匯入,2026-06-11 07:18:21,1|0|0|0|0|0|0|1|1|1|3|3|6|4|2|0|4|2|9|2|3|4|5|0,0|1|0|0|0|0|1|2|5|2|2|1|4|3|2|7|3|0|4|2|6|2|2|1
2026-04-17,jiati,36,17,34468,44683,5200,500,520,0,歷史資料匯入,2026-06-11 07:18:21,3|1|2|1|1|0|1|1|0|2|2|1|3|4|4|1|2|2|7|5|5|3|0|0,0|0|0|1|1|1|1|0|7|3|1|5|1|1|5|5|0|3|1|4|5|4|1|1
2026-04-18,jiati,36,24,35868,73177,2800,0,1450,0,歷史資料匯入,2026-06-11 07:18:21,1|0|0|0|1|0|0|0|1|1|2|3|2|3|4|9|5|0|4|3|7|7|3|2,0|0|0|0|2|0|0|1|2|0|4|5|5|3|3|4|3|6|6|4|0|3|3|1
2026-04-19,jiati,49,13,46412,30187,2800,500,1350,0,歷史資料匯入,2026-06-11 07:18:21,1|1|1|0|0|0|0|0|1|0|5|4|1|4|5|9|6|3|1|13|4|2|0|0,0|0|0|0|1|1|0|0|3|4|4|7|6|3|1|6|3|8|8|4|5|2|3|0
2026-04-20,jiati,35,16,32480,37084,1600,500,1650,0,歷史資料匯入,2026-06-11 07:18:21,2|0|0|0|0|0|0|0|1|2|2|5|4|2|2|1|4|3|3|4|2|2|1|2,2|0|0|0|0|0|0|7|0|1|3|1|2|2|8|2|3|0|4|4|1|3|1|1
2026-04-21,jiati,41,12,40808,27288,1200,0,300,0,歷史資料匯入,2026-06-11 07:18:21,1|0|1|2|0|0|0|0|0|0|3|3|9|3|2|5|3|6|3|4|4|1|2|0,0|2|0|0|0|0|0|3|2|1|3|2|1|4|3|8|5|3|2|6|3|3|1|0
2026-04-22,jiati,38,16,36744,37884,1200,500,1200,0,歷史資料匯入,2026-06-11 07:18:21,3|1|1|0|0|0|0|0|0|1|1|2|6|2|3|4|4|3|7|9|3|1|0|0,0|0|0|0|0|0|2|3|0|1|1|3|1|4|3|4|4|2|5|3|5|4|4|0
2026-04-23,jiati,31,9,29828,22191,800,0,900,50,歷史資料匯入,2026-06-11 07:18:21,1|0|1|0|0|0|0|0|1|0|3|1|4|5|1|3|1|0|4|6|3|2|1|0,1|0|0|0|1|0|0|1|4|2|2|0|2|2|4|3|3|4|0|1|4|2|4|0
2026-04-24,jiati,40,18,39020,48758,2400,0,2700,0,歷史資料匯入,2026-06-11 07:18:21,1|1|0|1|0|0|0|1|0|1|1|3|4|6|4|1|5|0|6|6|3|2|4|6,2|0|2|0|0|1|1|1|1|2|4|1|0|4|3|3|5|2|1|5|1|4|2|2
2026-04-25,jiati,47,23,46936,72177,3200,0,900,0,歷史資料匯入,2026-06-11 07:18:21,2|1|3|2|0|0|0|0|2|0|0|1|3|10|8|5|5|0|6|10|7|2|1|1,0|0|0|3|0|2|1|1|2|2|6|6|1|0|4|3|12|6|5|3|3|2|5|0
2026-04-26,jiati,37,11,36856,25689,2400,500,1250,0,歷史資料匯入,2026-06-11 07:18:21,2|2|0|1|1|0|0|0|0|1|2|0|6|3|5|1|5|3|2|4|4|3|0|2,0|2|0|0|0|0|0|0|0|3|8|4|3|4|2|6|2|4|3|4|3|3|4|0
2026-04-27,jiati,40,19,38120,45681,2000,1500,2250,0,歷史資料匯入,2026-06-11 07:18:21,0|2|1|0|1|1|0|0|0|2|2|1|3|4|5|5|4|9|4|5|2|2|2|2,0|1|1|0|0|0|1|7|0|3|2|5|4|1|3|2|9|3|2|4|1|3|2|1
2026-04-28,jiati,40,12,38620,29488,4800,0,1200,0,歷史資料匯入,2026-06-11 07:18:21,1|1|1|0|0|0|0|1|0|1|3|2|0|2|2|2|1|5|5|4|7|5|2|4,1|2|2|1|1|0|0|2|3|2|1|2|3|3|2|1|2|1|5|3|3|7|4|0
2026-04-29,jiati,48,13,46235,30787,6400,0,300,0,歷史資料匯入,2026-06-11 07:18:21,1|3|1|1|1|0|0|0|1|2|1|2|4|7|4|5|0|2|4|5|6|6|3|0,1|2|1|1|1|1|3|1|1|4|2|3|3|1|4|7|2|4|4|2|2|4|2|4
2026-04-30,jiati,44,20,43072,51280,2400,0,1730,3000,歷史資料匯入,2026-06-11 07:18:21,2|1|1|1|2|1|0|0|0|0|2|2|4|2|7|3|3|1|2|9|7|5|2|4,0|1|1|0|0|0|2|1|2|2|2|0|3|3|0|5|2|7|3|2|5|2|8|2
2026-05-01,jiati,28,27,28064,86373,800,500,4350,0,歷史資料匯入,2026-06-11 07:18:21,1|0|0|0|0|0|0|0|0|0|1|1|1|4|6|3|3|3|2|4|10|6|3|2,0|0|0|0|0|0|1|0|1|2|0|5|3|1|3|4|4|4|3|5|1|3|3|0
2026-05-02,jiati,45,12,44560,41788,8000,0,750,0,歷史資料匯入,2026-06-11 07:18:21,1|1|1|2|0|0|1|0|0|1|2|2|2|4|1|9|3|2|1|2|9|4|4|1,2|3|1|1|0|0|3|0|3|2|7|7|3|3|3|1|5|5|4|1|1|3|5|3
2026-05-03,jiati,35,10,35580,23290,4800,0,600,0,歷史資料匯入,2026-06-11 07:18:21,0|0|0|0|0|0|1|0|0|1|0|1|3|3|1|4|5|4|5|3|3|4|5|0,3|1|0|0|0|0|1|1|0|2|2|5|1|2|0|3|3|5|2|5|2|5|0|3
2026-05-04,jiati,29,10,28152,23290,2000,0,300,0,歷史資料匯入,2026-06-11 07:18:21,0|0|0|0|0|0|0|0|0|2|0|2|4|2|3|1|0|5|3|4|5|1|2|1,1|0|0|0|0|1|0|0|0|2|2|2|1|1|5|1|3|2|0|4|2|3|4|1
2026-05-05,jiati,32,12,30416,27188,3200,0,300,0,歷史資料匯入,2026-06-11 07:18:21,2|1|0|0|0|0|0|0|0|1|3|3|4|3|1|2|1|1|6|4|2|2|1|2,1|2|2|1|0|1|0|2|0|1|4|2|2|3|3|2|2|2|2|2|2|4|0|0
2026-05-06,jiati,41,11,39808,24589,5600,0,640,0,歷史資料匯入,2026-06-11 07:18:21,1|1|1|1|1|0|0|0|1|1|5|2|2|2|3|3|3|0|5|12|2|1|1|1,0|1|0|0|1|0|1|1|1|1|2|4|5|2|2|0|1|4|2|3|1|10|4|0
2026-05-07,jiati,41,19,39608,44581,800,0,750,0,歷史資料匯入,2026-06-11 07:18:21,1|0|0|0|0|0|0|1|0|2|3|6|1|3|5|2|2|4|8|3|5|9|2|0,1|0|0|0|0|0|2|4|2|3|1|3|4|4|2|4|2|5|3|0|8|3|4|1
2026-05-08,jiati,36,10,35068,26690,3600,0,660,800,歷史資料匯入,2026-06-11 07:18:21,1|1|0|1|0|0|0|2|3|2|0|2|3|1|2|3|3|2|3|2|6|1|2|3,1|0|1|1|1|0|1|3|1|1|8|2|2|1|3|3|2|3|2|4|0|2|3|2
2026-05-09,jiati,39,15,39132,45665,5600,1000,870,0,歷史資料匯入,2026-06-11 07:18:21,4|0|0|0|1|0|0|1|2|1|1|1|0|4|4|5|0|4|4|5|5|4|5|2,2|2|1|1|0|0|0|0|0|0|6|2|3|0|2|2|3|4|3|0|3|4|5|2
2026-05-10,jiati,47,9,46536,20991,8400,0,680,0,歷史資料匯入,2026-06-11 07:18:21,1|2|1|0|0|0|0|0|1|1|2|5|3|6|6|2|4|3|2|2|3|1|6|3,2|1|1|1|0|1|0|1|1|0|7|5|4|2|5|5|6|3|4|3|3|4|1|2
2026-05-11,jiati,34,12,31892,28988,4400,0,1470,0,歷史資料匯入,2026-06-11 07:18:21,2|1|0|2|0|0|0|1|0|1|4|2|2|4|3|2|0|6|5|2|3|0|4|2,1|0|0|0|0|1|2|3|0|2|4|4|1|4|2|5|3|0|1|4|3|5|0|0
2026-05-12,jiati,40,11,39220,25789,6400,500,750,500,歷史資料匯入,2026-06-11 07:18:21,2|2|1|1|0|0|0|0|0|2|0|1|5|2|5|3|1|7|6|5|3|2|1|2,1|0|1|0|2|1|0|0|1|2|3|1|2|1|3|3|3|4|6|3|6|2|3|1
2026-05-13,jiati,38,10,37744,23390,2800,500,150,0,歷史資料匯入,2026-06-11 07:18:21,1|0|0|1|0|0|1|0|0|1|1|1|6|3|5|4|5|0|5|6|1|1|1|1,1|0|1|0|0|0|0|0|3|1|1|0|1|3|5|6|5|1|6|3|2|5|1|0
2026-05-14,jiati,36,12,34768,30276,2800,500,1430,0,歷史資料匯入,2026-06-11 07:18:21,2|0|0|2|0|0|0|0|0|1|3|1|2|3|4|2|1|3|9|2|5|3|1|2,1|1|0|1|0|0|2|2|3|0|5|3|1|1|4|2|1|4|0|6|5|1|3|1
2026-05-15,jiati,50,23,49600,61177,3600,0,750,150,歷史資料匯入,2026-06-11 07:18:21,2|2|1|4|0|0|0|0|0|3|2|2|4|11|4|2|2|5|9|4|5|5|2|4,0|0|0|0|0|1|3|5|1|2|3|7|1|2|3|4|6|5|3|4|7|4|5|1
2026-05-16,jiati,45,24,45260,73776,2000,0,750,0,歷史資料匯入,2026-06-11 07:18:21,1|1|0|1|3|2|0|0|1|2|4|2|1|5|4|5|6|5|2|4|5|7|6|1,1|0|0|0|1|0|0|3|3|0|4|4|8|0|4|2|7|4|5|8|0|4|1|3
2026-05-17,jiati,50,5,49900,11695,8000,0,150,0,歷史資料匯入,2026-06-11 07:18:21,3|1|0|0|0|0|0|0|0|2|2|3|2|5|4|2|7|6|3|3|1|4|1|4,3|0|3|0|2|0|0|0|1|1|2|13|3|3|4|4|4|2|6|8|2|4|2|3
2026-05-18,jiati,48,10,47524,23790,2400,1000,150,0,歷史資料匯入,2026-06-11 07:18:21,2|0|0|0|0|0|0|0|0|2|2|3|2|6|3|5|0|3|6|9|7|5|0|2,0|0|0|1|1|2|0|0|0|1|3|2|2|1|4|5|3|2|3|4|5|4|5|5
2026-05-19,jiati,39,16,37132,41872,3600,0,1800,50,歷史資料匯入,2026-06-11 07:18:21,0|0|0|1|0|0|1|0|2|0|3|1|3|4|5|0|3|6|4|13|3|2|1|2,1|1|0|0|1|0|1|0|1|2|4|1|5|1|3|2|2|3|2|6|4|6|1|0
2026-05-20,jiati,44,15,44472,35285,4800,500,750,0,歷史資料匯入,2026-06-11 07:18:21,2|1|1|2|1|0|0|0|1|2|1|2|4|4|3|6|2|5|5|3|6|1|4|1,0|2|2|0|0|1|2|1|1|8|2|5|2|1|2|3|3|4|6|3|4|6|0|2
2026-05-21,jiati,46,12,45048,28388,4000,0,300,0,歷史資料匯入,2026-06-11 07:18:21,0|1|3|1|0|0|0|0|1|0|4|3|1|2|2|6|3|5|8|3|5|0|5|4,2|1|0|1|2|1|1|1|2|3|3|3|1|3|2|4|4|4|5|3|8|4|1|0
2026-05-22,jiati,36,22,36368,59678,3600,500,1860,0,歷史資料匯入,2026-06-11 07:18:21,0|1|0|1|0|0|0|0|2|2|2|0|3|5|6|2|3|3|4|9|2|4|5|2,0|0|0|0|1|1|0|2|2|3|3|0|5|1|1|3|6|5|5|1|3|1|3|1
2026-05-23,jiati,43,25,43984,79175,2400,0,1380,0,歷史資料匯入,2026-06-11 07:18:21,2|2|0|1|0|0|0|0|2|3|2|2|3|5|7|5|3|4|1|7|7|2|6|2,0|0|0|0|0|0|3|1|3|2|8|6|5|1|2|6|6|3|6|3|2|4|2|1
2026-05-24,jiati,34,10,34092,24390,4000,0,750,0,歷史資料匯入,2026-06-11 07:18:21,2|2|2|1|0|0|1|0|1|0|2|1|2|4|2|4|3|4|1|2|2|3|2|2,1|1|0|0|2|0|2|0|5|3|8|4|1|3|2|2|3|2|4|5|2|3|1|0
2026-05-25,jiati,34,23,32992,53678,3200,0,1710,0,歷史資料匯入,2026-06-11 07:18:21,1|0|0|0|0|0|0|1|2|0|1|1|3|6|2|3|4|6|7|5|6|4|0|2,0|0|0|0|0|0|0|2|2|2|3|1|1|2|3|2|4|6|4|4|6|0|0|2
2026-05-26,jiati,39,25,39032,60775,800,1500,1390,0,歷史資料匯入,2026-06-11 07:18:21,1|1|1|0|0|1|1|0|0|2|2|2|1|6|6|5|3|3|4|6|2|3|4|0,0|0|0|0|0|3|0|0|2|0|6|3|2|0|4|4|6|3|6|2|6|1|1|2
2026-05-27,jiati,36,21,35668,52567,1600,1000,950,0,歷史資料匯入,2026-06-11 07:18:21,1|0|1|1|1|1|0|0|1|1|1|5|2|5|3|3|4|2|5|4|2|3|1|0,0|0|0|0|0|2|1|1|4|4|3|2|1|3|3|4|4|5|3|3|2|4|2|1
2026-05-28,jiati,34,21,33792,50779,4800,0,1950,0,歷史資料匯入,2026-06-11 07:18:21,2|0|1|0|0|0|1|0|0|0|3|4|4|1|1|2|2|0|7|3|5|4|4|2,2|0|2|0|0|0|2|4|3|0|0|5|1|4|3|1|5|1|1|2|2|4|3|3
2026-05-29,jiati,35,23,34580,60777,4400,0,1050,0,歷史資料匯入,2026-06-11 07:18:21,1|0|0|1|0|1|1|0|1|1|1|10|3|6|2|5|0|3|2|3|8|5|2|0,0|0|0|0|0|0|2|2|5|1|4|5|4|2|5|2|4|3|4|2|4|2|2|1
2026-05-30,jiati,47,19,47048,59241,5600,1000,750,250,歷史資料匯入,2026-06-11 07:18:21,3|2|0|0|0|0|0|1|0|2|1|2|3|5|6|3|5|2|3|8|5|5|4|0,0|3|1|1|0|0|0|1|2|1|3|5|3|0|3|4|7|4|4|3|5|3|6|0
2026-05-31,jiati,38,13,38855,31587,3200,1000,600,0,歷史資料匯入,2026-06-11 07:18:21,1|1|1|0|1|1|0|0|1|0|3|2|1|6|6|3|2|1|3|5|6|3|3|1,2|0|0|0|1|1|0|2|1|0|15|3|1|3|5|2|4|5|3|3|2|2|3|2
2026-06-01,jiati,34,9,33092,19791,2000,0,650,0,歷史資料匯入,2026-06-11 07:18:21,0|2|0|1|0|0|0|0|0|1|1|2|3|3|1|4|0|2|4|9|3|1|5|0,1|2|0|1|1|0|0|1|2|0|3|2|2|3|3|2|3|1|4|1|4|4|4|0
2026-06-02,jiati,37,13,34256,30887,4000,0,1050,0,歷史資料匯入,2026-06-11 07:18:21,3|2|1|0|0|0|1|0|0|0|2|2|5|4|3|2|3|2|3|2|3|1|3|2,0|0|1|4|1|2|0|4|2|0|0|1|2|1|7|3|2|4|1|2|2|2|2|0
2026-06-03,jiati,40,22,39831,51578,4000,0,1730,0,歷史資料匯入,2026-06-11 07:18:21,1|0|0|0|0|1|0|0|1|2|4|3|5|3|2|5|2|3|7|6|5|3|3|1,1|0|0|0|0|1|1|4|3|0|1|2|3|1|7|4|3|1|4|5|2|6|1|0
2026-06-04,jiati,39,21,39232,49779,2400,0,900,0,歷史資料匯入,2026-06-11 07:18:21,0|1|0|0|0|0|1|0|0|2|3|3|6|3|4|3|3|3|6|3|5|3|3|3,1|0|0|0|0|1|2|3|5|1|4|2|3|4|2|4|5|3|5|4|2|0|3|3
2026-06-05,jiati,45,15,42672,39785,5200,0,1160,0,歷史資料匯入,2026-06-11 07:18:21,1|2|2|2|0|0|0|1|0|0|3|4|3|6|4|3|1|7|3|2|4|4|3|1,0|2|0|0|2|1|4|0|3|1|3|2|4|5|3|1|5|5|3|5|2|1|2|2
2026-06-06,jiati,44,21,44483,63779,1600,0,2400,0,歷史資料匯入,2026-06-11 07:18:21,1|0|0|0|2|1|1|0|0|1|3|1|4|10|2|4|4|5|4|4|4|3|1|4,0|0|0|0|0|0|3|0|0|2|4|2|3|2|1|7|8|4|4|2|2|5|2|1
2026-06-07,jiati,43,7,42795,18292,4800,0,600,0,歷史資料匯入,2026-06-11 07:18:21,1|1|0|0|0|0|0|0|1|1|1|3|3|1|7|6|3|5|0|4|1|4|2|3,1|2|2|0|0|1|0|1|1|1|10|6|1|4|2|1|9|5|2|4|3|2|2|2
2026-06-08,jiati,38,11,37144,25689,2000,0,300,0,歷史資料匯入,2026-06-11 07:18:21,0|0|2|0|0|1|0|0|0|2|1|4|5|5|3|3|1|3|3|2|6|3|2|2,1|0|0|0|0|2|0|0|4|1|1|2|1|3|4|3|7|1|2|2|5|1|2|2
2026-06-09,jiati,39,15,38632,34985,1600,0,300,0,歷史資料匯入,2026-06-11 07:18:21,1|0|1|0|0|0|1|0|1|0|4|1|5|5|4|4|3|1|3|4|3|5|4|2,0|3|0|0|0|0|0|1|3|2|0|5|0|5|2|5|8|1|3|2|4|2|2|0
2026-06-10,jiati,45,16,43560,37684,2800,0,450,0,歷史資料匯入,2026-06-11 07:18:21,3|1|0|1|1|0|1|1|0|1|1|1|5|3|2|3|5|4|7|7|2|4|3|2,2|1|1|0|1|2|0|2|4|4|2|1|1|5|0|2|3|6|3|4|8|2|6|0
